Initialization: K-Means++ | Assignment: Lloyd's Assignment | Update: PAM
<<<<<<< HEAD
CLUSTER-1 {size: 2 centroid: (-6.25448, 53.3557)(-6.2545, 53.3557)(-6.2545, 53.3557)(-6.25538, 53.3559)(-6.25538, 53.3559)(-6.2577, 53.3557)(-6.2577, 53.3557)(-6.25753, 53.3552)(-6.25753, 53.3552)(-6.25732, 53.3549)(-6.25728, 53.3549)(-6.25693, 53.3542)(-6.25693, 53.3542)(-6.25777, 53.354)(-6.25922, 53.3536)(-6.25928, 53.3527)(-6.25823, 53.3504)(-6.25805, 53.3498)(-6.2577, 53.3491)(-6.25725, 53.3488)(-6.25543, 53.3491)(-6.2554, 53.349)(-6.25542, 53.3489)(-6.2554, 53.3489)(-6.25538, 53.3488)(-6.25537, 53.349)(-6.25542, 53.3491)(-6.25545, 53.3491)(-6.25543, 53.3491)(-6.25545, 53.3492)(-6.25547, 53.3492)(-6.25522, 53.3492)(-6.25385, 53.3498)(-6.25488, 53.3513)(-6.256, 53.3529)(-6.2566, 53.3536)(-6.25668, 53.3539)(-6.25741, 53.355)(-6.25853, 53.3562)(-6.25966, 53.3573)(-6.26107, 53.3586)(-6.26114, 53.3586)(-6.26165, 53.3594)(-6.26158, 53.3594)(-6.26158, 53.3594)(-6.26088, 53.3602)(-6.26088, 53.3602)(-6.26088, 53.3602)(-6.26088, 53.3602)(-6.26067, 53.3604)(-6.26058, 53.3605)(-6.25944, 53.3618)(-6.25831, 53.363)(-6.25829, 53.363)(-6.2581, 53.3632)(-6.2581, 53.3632)(-6.25708, 53.3643)(-6.25599, 53.3658)(-6.25571, 53.3663)(-6.25549, 53.3671)(-6.25549, 53.3671)(-6.25548, 53.3671)(-6.25548, 53.3671)(-6.25546, 53.3675)(-6.25378, 53.3707)(-6.25315, 53.3717)(-6.25236, 53.3729)(-6.25131, 53.3746)(-6.25047, 53.3757)(-6.24984, 53.3763)(-6.24888, 53.377)(-6.24842, 53.3775)(-6.24727, 53.3788)(-6.24668, 53.3795)(-6.24577, 53.3805)(-6.24528, 53.3812)(-6.24474, 53.382)(-6.24419, 53.383)(-6.24405, 53.3832)(-6.24345, 53.3843)(-6.24318, 53.3865)(-6.24393, 53.3874)(-6.24393, 53.3874)(-6.24393, 53.3874)(-6.24432, 53.3876)(-6.24493, 53.388)(-6.24553, 53.3884)(-6.24602, 53.3891)(-6.24648, 53.3905)(-6.24622, 53.3918)(-6.2462, 53.3919)(-6.24609, 53.3925)(-6.24557, 53.3948)(-6.24514, 53.3971)(-6.24402, 53.3996)(-6.2416, 53.4023)(-6.23875, 53.4059)(-6.23874, 53.4104)(-6.23918, 53.4148)(-6.23918, 53.4148)(-6.23817, 53.4176)(-6.23467, 53.4197)(-6.23136, 53.422)(-6.22976, 53.4248)(-6.22982, 53.4277)(-6.23011, 53.43)(-6.23017, 53.4313)(-6.23017, 53.4313)(-6.22787, 53.4355)(-6.2279, 53.442)(-6.22419, 53.4531)(-6.22349, 53.454)(-6.22349, 53.454)(-6.22304, 53.4546)(-6.22238, 53.4553)(-6.22224, 53.4554)(-6.2216, 53.4562)(-6.22115, 53.4571)(-6.22072, 53.4579)(-6.22058, 53.4581)(-6.22053, 53.4582)(-6.22028, 53.4586)(-6.22024, 53.4587)(-6.2201, 53.4589)(-6.2201, 53.4589)(-6.2201, 53.4589)(-6.2201, 53.4589)(-6.2201, 53.4589)(-6.2201, 53.4589)(-6.2201, 53.4589)(-6.2201, 53.4589)(-6.2201, 53.4589)(-6.2201, 53.4589)(-6.2201, 53.4589)(-6.2201, 53.4589)(-6.2201, 53.4589)(-6.2201, 53.4589)(-6.2201, 53.4589)(-6.2201, 53.4589)(-6.2201, 53.4589)(-6.2201, 53.4589)(-6.2201, 53.4589)(-6.2201, 53.4589)(-6.22008, 53.4589)(-6.22008, 53.4589)(-6.22008, 53.4589)(-6.21908, 53.4596)(-6.21847, 53.4614)(-6.21797, 53.4632)(-6.21717, 53.4636)(-6.21618, 53.4642)(-6.21618, 53.4649)(-6.21499, 53.4656)(-6.21385, 53.4679)(-6.21203, 53.4705)(-6.21007, 53.473)(-6.20775, 53.4755)(-6.20684, 53.4764)(-6.20636, 53.477)(-6.20514, 53.4782)(-6.20396, 53.4796)(-6.20186, 53.4825)(-6.19991, 53.4851)(-6.19792, 53.4878)(-6.19655, 53.4898)(-6.196, 53.4916)(-6.19573, 53.493)(-6.19519, 53.4941)(-6.19479, 53.4947)(-6.19037, 53.5031)(-6.17985, 53.51)(-6.17086, 53.5174)(-6.16488, 53.5254)(-6.15451, 53.5226)(-6.14516, 53.5214)(-6.13597, 53.5197)(-6.12682, 53.5181)(-6.1174, 53.5182)(-6.10906, 53.5209)(-6.10015, 53.5228)(-6.09112, 53.5228)(-6.09138, 53.5294)(-6.09138, 53.5294)(-6.09025, 53.5359)(-6.09543, 53.5417)(-6.10126, 53.5473)(-6.1019, 53.5539)(-6.1037, 53.5602)(-6.10217, 53.5667)(-6.10199, 53.573)(-6.09273, 53.5393)(-6.09433, 53.5407)(-6.09664, 53.5428)(-6.09904, 53.5449)(-6.10089, 53.5466)(-6.10117, 53.547)(-6.10124, 53.5472)(-6.10157, 53.5488)(-6.10205, 53.5513)(-6.10194, 53.5535)(-6.10172, 53.5555)(-6.10216, 53.5578)(-6.10339, 53.5598)(-6.10358, 53.562)(-6.10293, 53.5643)(-6.10238, 53.566)(-6.10171, 53.5683)(-6.1013, 53.5696)(-6.10082, 53.5705)(-6.10103, 53.5723)(-6.1028, 53.5736)(-6.10426, 53.575)(-6.10514, 53.5765)(-6.10589, 53.5778)(-6.10632, 53.5788)(-6.1065, 53.5792)(-6.10687, 53.5803)(-6.10691, 53.5804)(-6.10691, 53.5804)(-6.10691, 53.5804)(-6.10691, 53.5804)(-6.10691, 53.5804)(-6.10691, 53.5804)(-6.10691, 53.5804)(-6.10692, 53.5804)(-6.10942, 53.5803)(-6.10967, 53.5802)(-6.11035, 53.5796)(-6.11035, 53.5796)(-6.1113, 53.5785)(-6.11204, 53.5777)(-6.11225, 53.5775)(-6.11346, 53.5762)(-6.11577, 53.576)(-6.1152, 53.574)(-6.1178, 53.5737)(-6.1178, 53.5737)(-6.11872, 53.5745)(-6.11917, 53.5745)(-6.11903, 53.5743)(-6.11905, 53.5743)(-6.11905, 53.5743)(-6.11903, 53.5743)(-6.11903, 53.5743)(-6.11903, 53.5743)(-6.11903, 53.5743)(-6.11863, 53.5739)(-6.11683, 53.5738)(-6.11683, 53.5738)(-6.11683, 53.5738)(-6.11455, 53.575)(-6.11482, 53.5759)(-6.1178, 53.5758)(-6.11927, 53.5761)(-6.12121, 53.5765)(-6.1214, 53.5766)(-6.12247, 53.5769)(-6.12508, 53.5781)(-6.12591, 53.5784)(-6.12893, 53.5795)(-6.12769, 53.5805)(-6.12744, 53.5806)(-6.12553, 53.5817)(-6.12508, 53.5822)(-6.12451, 53.5834)(-6.12499, 53.5838)(-6.12839, 53.5852)(-6.13192, 53.5857)(-6.13539, 53.5863)(-6.13976, 53.5865)(-6.14347, 53.5859)(-6.14633, 53.5856)(-6.1482, 53.5854)(-6.15193, 53.5875)(-6.15526, 53.5905)(-6.1581, 53.5932)(-6.16091, 53.596)(-6.16333, 53.5987)(-6.16594, 53.6015)(-6.16885, 53.6038)(-6.17078, 53.605)(-6.17199, 53.6058)(-6.17328, 53.6058)(-6.17709, 53.6059)(-6.17948, 53.6061)(-6.1807, 53.6062)(-6.1832, 53.6065)(-6.18357, 53.6065)(-6.18413, 53.6051)(-6.18413, 53.6051)(-6.18437, 53.6041)(-6.18442, 53.6039)(-6.18445, 53.6043)(-6.18443, 53.6044)(-6.18443, 53.6044)}
CLUSTER-2 {size: 4 centroid: (-6.13643, 53.1695)(-6.13643, 53.1695)(-6.13643, 53.1695)(-6.13643, 53.1695)(-6.13643, 53.1695)(-6.13643, 53.1695)(-6.13643, 53.1695)(-6.13643, 53.1695)(-6.13643, 53.1695)(-6.13643, 53.1695)(-6.13643, 53.1695)(-6.13898, 53.1741)(-6.13902, 53.1744)(-6.13634, 53.1801)(-6.13553, 53.1833)(-6.13644, 53.1697)(-6.13591, 53.1842)(-6.13334, 53.1827)(-6.13208, 53.1824)(-6.12994, 53.1848)(-6.12937, 53.1857)(-6.12908, 53.186)(-6.12755, 53.1878)(-6.12725, 53.1881)(-6.12568, 53.1896)(-6.12731, 53.1907)(-6.12847, 53.1913)(-6.12848, 53.1913)(-6.12953, 53.1918)(-6.12865, 53.1929)(-6.12749, 53.1943)(-6.12658, 53.195)(-6.12389, 53.1968)(-6.12145, 53.1962)(-6.11951, 53.1949)(-6.11951, 53.1949)(-6.11951, 53.1949)(-6.11679, 53.1968)(-6.11623, 53.1976)(-6.11213, 53.1999)(-6.11192, 53.2001)(-6.1115, 53.2006)(-6.1115, 53.2006)(-6.11108, 53.2011)(-6.11061, 53.2016)(-6.11008, 53.2023)(-6.10979, 53.2029)(-6.10969, 53.2031)(-6.10944, 53.2037)(-6.1094, 53.2038)(-6.1094, 53.2038)(-6.1094, 53.2038)(-6.10934, 53.2045)(-6.1094, 53.205)(-6.10955, 53.2052)(-6.11108, 53.2063)(-6.1117, 53.2065)(-6.11223, 53.2067)(-6.1137, 53.2074)(-6.1148, 53.2085)(-6.11504, 53.2089)(-6.11534, 53.2094)(-6.11534, 53.2094)(-6.11695, 53.2105)(-6.1176, 53.211)(-6.11822, 53.2121)(-6.11928, 53.2138)(-6.11949, 53.2158)(-6.1195, 53.216)(-6.11992, 53.2188)(-6.12168, 53.2218)(-6.12456, 53.2242)(-6.12468, 53.2244)(-6.12505, 53.226)(-6.12467, 53.2271)(-6.12446, 53.2279)(-6.12426, 53.2286)(-6.12415, 53.2295)(-6.12407, 53.2302)(-6.12382, 53.2322)(-6.12384, 53.2333)(-6.12475, 53.2342)(-6.12599, 53.2354)(-6.12726, 53.2375)(-6.12868, 53.2405)(-6.12913, 53.2414)(-6.13989, 53.2492)(-6.13716, 53.2472)(-6.13964, 53.2491)(-6.14216, 53.2513)(-6.14466, 53.2542)(-6.14597, 53.2574)(-6.1464, 53.2587)(-6.14695, 53.2597)(-6.1498, 53.2619)(-6.15034, 53.2621)(-6.15361, 53.2637)(-6.17197, 53.2727)(-6.17343, 53.2734)(-6.17539, 53.2741)(-6.18708, 53.2792)(-6.19378, 53.2828)(-6.19433, 53.2838)(-6.19433, 53.2838)(-6.19476, 53.2855)(-6.20342, 53.295)(-6.2042, 53.2971)(-6.20559, 53.3)(-6.20834, 53.3034)(-6.21898, 53.3096)(-6.22131, 53.3121)(-6.22131, 53.3121)(-6.22665, 53.3153)(-6.23152, 53.3188)(-6.13643, 53.1695)(-6.13643, 53.1695)(-6.13643, 53.1695)(-6.13643, 53.1695)(-6.13643, 53.1695)(-6.13643, 53.1695)(-6.13643, 53.1695)(-6.13643, 53.1695)(-6.13643, 53.1695)(-6.13643, 53.1695)(-6.13643, 53.1695)(-6.13643, 53.1695)(-6.25991, 53.3468)(-6.26429, 53.3458)(-6.26649, 53.3455)(-6.269, 53.3452)(-6.27296, 53.345)(-6.2773, 53.3455)(-6.29009, 53.3468)(-6.13643, 53.1695)(-6.13643, 53.1695)(-6.13643, 53.1695)(-6.13643, 53.1695)(-6.13643, 53.1695)(-6.13643, 53.1695)(-6.29258, 53.347)(-6.29258, 53.347)(-6.29258, 53.347)(-6.29258, 53.347)(-6.29258, 53.347)(-6.29258, 53.347)(-6.29258, 53.347)(-6.29258, 53.347)(-6.29258, 53.347)(-6.29258, 53.347)(-6.29258, 53.347)(-6.29258, 53.347)}
CLUSTER-3 {size: 1 centroid: (-6.25772, 53.3489)(-6.25693, 53.3488)(-6.25658, 53.3489)(-6.25658, 53.3489)(-6.25657, 53.3489)(-6.25657, 53.3489)(-6.25657, 53.3489)(-6.25657, 53.3489)(-6.25657, 53.3489)(-6.25657, 53.3489)(-6.25653, 53.3489)(-6.25653, 53.3489)(-6.25523, 53.3492)(-6.25515, 53.3492)(-6.25515, 53.3492)(-6.25515, 53.3492)(-6.25515, 53.3492)(-6.2551, 53.3491)(-6.25457, 53.3509)(-6.25592, 53.3528)(-6.25699, 53.3543)(-6.25788, 53.3556)(-6.25864, 53.3563)(-6.25864, 53.3563)(-6.25923, 53.3569)(-6.25985, 53.3575)(-6.26114, 53.3586)(-6.26155, 53.3588)(-6.26193, 53.3591)(-6.26193, 53.3591)(-6.26192, 53.3591)(-6.26095, 53.3601)(-6.26066, 53.3604)(-6.25981, 53.3613)(-6.25974, 53.3614)(-6.25862, 53.3626)(-6.25701, 53.3644)(-6.25596, 53.3659)(-6.25549, 53.367)(-6.25541, 53.3677)(-6.25455, 53.3695)(-6.25421, 53.37)(-6.25391, 53.3705)(-6.25343, 53.3713)(-6.25226, 53.3731)(-6.25215, 53.3732)(-6.25179, 53.3739)(-6.25066, 53.3755)(-6.24998, 53.3762)(-6.24979, 53.3763)(-6.24819, 53.3777)(-6.2466, 53.3796)(-6.24534, 53.3811)(-6.2452, 53.3813)(-6.24499, 53.3816)(-6.24493, 53.3817)(-6.24431, 53.3828)(-6.24405, 53.3832)(-6.24322, 53.385)(-6.24363, 53.3872)(-6.24368, 53.3872)(-6.24476, 53.3879)(-6.24495, 53.388)(-6.24601, 53.3891)(-6.24608, 53.3893)(-6.24632, 53.39)(-6.24647, 53.3905)(-6.24622, 53.3918)(-6.2462, 53.3919)(-6.2461, 53.3924)(-6.24582, 53.3937)(-6.24577, 53.394)(-6.24552, 53.3951)(-6.24534, 53.396)(-6.24534, 53.396)(-6.24521, 53.3967)(-6.24487, 53.3975)(-6.24403, 53.3993)(-6.24229, 53.4017)(-6.24041, 53.4039)(-6.24023, 53.4041)(-6.23918, 53.4054)(-6.23766, 53.4077)(-6.23882, 53.4107)(-6.239, 53.4137)(-6.23908, 53.4166)(-6.23908, 53.4166)(-6.23724, 53.4182)(-6.23363, 53.4203)(-6.23094, 53.4224)(-6.22982, 53.4246)(-6.22972, 53.4274)(-6.22989, 53.4279)(-6.22992, 53.4279)(-6.23004, 53.4292)(-6.2301, 53.4298)(-6.23002, 53.4322)(-6.22908, 53.4337)(-6.22903, 53.4341)(-6.2276, 53.4363)(-6.22768, 53.4396)(-6.22778, 53.441)(-6.22798, 53.4423)(-6.22825, 53.4433)(-6.22843, 53.4444)(-6.22843, 53.4445)(-6.22843, 53.4445)(-6.22843, 53.4445)(-6.22844, 53.4449)(-6.22809, 53.4471)(-6.22554, 53.4511)(-6.22398, 53.4533)(-6.22321, 53.4544)(-6.22321, 53.4544)(-6.22321, 53.4544)(-6.22321, 53.4544)(-6.22287, 53.4548)(-6.22238, 53.4553)(-6.22196, 53.4557)(-6.22149, 53.4564)(-6.22105, 53.4573)(-6.22061, 53.4581)(-6.2201, 53.4589)(-6.2201, 53.4589)(-6.22009, 53.4589)(-6.22009, 53.4589)(-6.22009, 53.4589)(-6.22009, 53.4589)(-6.21866, 53.4608)(-6.21822, 53.4622)(-6.21717, 53.4636)(-6.21611, 53.4647)(-6.21611, 53.4647)(-6.21571, 53.465)(-6.21472, 53.4666)(-6.21247, 53.4698)(-6.21023, 53.4728)(-6.20765, 53.4756)(-6.20678, 53.4765)(-6.20624, 53.4773)(-6.20527, 53.4781)(-6.20464, 53.479)(-6.20318, 53.4806)(-6.20118, 53.4835)(-6.19894, 53.4864)(-6.19696, 53.4891)(-6.19655, 53.4898)(-6.19638, 53.49)(-6.19591, 53.4922)(-6.19536, 53.4938)(-6.19505, 53.4943)(-6.1944, 53.4954)(-6.19346, 53.5014)(-6.19214, 53.5023)(-6.19186, 53.5024)(-6.18828, 53.5044)(-6.18559, 53.5069)(-6.18207, 53.5092)(-6.17813, 53.5108)(-6.17523, 53.5134)(-6.17239, 53.516)(-6.16983, 53.5187)(-6.16838, 53.5209)(-6.16771, 53.5231)(-6.16751, 53.5237)(-6.16585, 53.5246)(-6.16538, 53.5255)(-6.16441, 53.5252)(-6.16441, 53.5252)(-6.16103, 53.5243)(-6.1601, 53.5241)(-6.15809, 53.5237)(-6.1566, 53.5233)(-6.15242, 53.5222)(-6.1471, 53.5218)(-6.14167, 53.521)(-6.13681, 53.52)(-6.13186, 53.5188)(-6.1272, 53.5182)(-6.12316, 53.5178)(-6.11859, 53.5179)(-6.11502, 53.5196)(-6.11031, 53.5207)(-6.10689, 53.5213)(-6.10618, 53.5215)(-6.10491, 53.5217)(-6.10294, 53.5221)(-6.10278, 53.5222)(-6.1018, 53.5225)(-6.10141, 53.5226)(-6.10097, 53.5228)(-6.09906, 53.5228)(-6.09741, 53.5227)(-6.09704, 53.5227)(-6.09492, 53.5224)(-6.09348, 53.5222)(-6.09298, 53.5221)(-6.09233, 53.522)(-6.09126, 53.522)(-6.09123, 53.5234)(-6.09131, 53.5244)(-6.09109, 53.5259)(-6.09108, 53.5262)(-6.09124, 53.5281)(-6.09141, 53.5298)(-6.09141, 53.5298)(-6.09147, 53.5317)(-6.09058, 53.5337)(-6.09041, 53.5341)(-6.09034, 53.5362)(-6.09208, 53.5386)(-6.09273, 53.5393)(-6.09453, 53.5409)(-6.09729, 53.5434)(-6.09995, 53.5457)(-6.10117, 53.547)(-6.10179, 53.5499)(-6.10255, 53.5586)(-6.10057, 53.5711)(-6.1057, 53.5774)(-6.10622, 53.5785)(-6.10638, 53.5789)(-6.10665, 53.5796)(-6.10691, 53.5804)(-6.10693, 53.5804)(-6.10763, 53.5806)(-6.1091, 53.5803)(-6.1093, 53.5803)(-6.1093, 53.5803)(-6.11024, 53.5797)(-6.11068, 53.5792)(-6.11162, 53.5782)(-6.11303, 53.5767)(-6.11467, 53.5758)(-6.11796, 53.5759)(-6.12089, 53.5765)(-6.12483, 53.5779)(-6.12883, 53.5795)(-6.12771, 53.5805)(-6.12725, 53.5807)(-6.12492, 53.5824)(-6.12661, 53.5845)(-6.13057, 53.5857)(-6.13462, 53.5863)(-6.13919, 53.5865)(-6.14321, 53.586)(-6.14627, 53.5856)(-6.14925, 53.5858)(-6.15234, 53.5878)(-6.15872, 53.5938)(-6.16143, 53.5966)(-6.16399, 53.5994)(-6.1667, 53.6022)(-6.16988, 53.6045)(-6.17078, 53.605)(-6.17229, 53.6059)(-6.17487, 53.6058)(-6.179, 53.6061)(-6.18199, 53.6063)(-6.18327, 53.6065)(-6.18378, 53.6062)(-6.1844, 53.6044)(-6.1844, 53.6044)(-6.18333, 53.6033)(-6.17655, 53.6016)(-6.17663, 53.6015)(-6.17663, 53.6015)(-6.17663, 53.6015)(-6.17663, 53.6015)(-6.17663, 53.6015)(-6.17665, 53.6015)(-6.17665, 53.6015)(-6.17665, 53.6015)(-6.17663, 53.6015)(-6.17663, 53.6015)(-6.17663, 53.6015)}
CLUSTER-4 {size: 4 centroid: (-6.25537, 53.3492)(-6.25537, 53.3492)(-6.25537, 53.3492)(-6.25537, 53.3492)(-6.25537, 53.3492)(-6.25537, 53.3492)(-6.25537, 53.3492)(-6.25537, 53.3492)(-6.2551, 53.3491)(-6.25512, 53.3491)(-6.25512, 53.3491)(-6.2551, 53.3491)(-6.25384, 53.3495)(-6.25377, 53.3498)(-6.25415, 53.3504)(-6.25598, 53.3529)(-6.25598, 53.3529)(-6.25598, 53.3529)(-6.25629, 53.3534)(-6.25662, 53.3538)(-6.25672, 53.3539)(-6.25756, 53.3552)(-6.2582, 53.3559)(-6.25852, 53.3562)(-6.25877, 53.3565)(-6.26031, 53.358)(-6.26114, 53.3586)(-6.26122, 53.3587)(-6.26197, 53.359)(-6.26106, 53.36)(-6.26088, 53.3602)(-6.26025, 53.3608)(-6.2585, 53.3628)(-6.25784, 53.3635)(-6.25618, 53.3655)(-6.25556, 53.3667)(-6.25548, 53.3671)(-6.25542, 53.3677)(-6.25422, 53.37)(-6.25351, 53.3711)(-6.25269, 53.3724)(-6.25179, 53.3739)(-6.25019, 53.376)(-6.24614, 53.3801)(-6.24482, 53.3819)(-6.24414, 53.383)(-6.24345, 53.3843)(-6.24309, 53.3854)(-6.24309, 53.3854)(-6.24565, 53.3945)(-6.24536, 53.3959)(-6.24534, 53.396)(-6.24527, 53.3964)(-6.24486, 53.3976)(-6.24402, 53.3995)(-6.24258, 53.4015)(-6.23867, 53.406)(-6.23767, 53.408)(-6.23778, 53.4083)(-6.2388, 53.4106)(-6.239, 53.4137)(-6.23919, 53.4164)(-6.23908, 53.4166)(-6.23908, 53.4166)(-6.23842, 53.4174)(-6.23535, 53.4194)(-6.23224, 53.4213)(-6.23178, 53.4216)(-6.23046, 53.4231)(-6.22962, 53.4252)(-6.2298, 53.4276)(-6.23018, 53.4283)(-6.23015, 53.4303)(-6.22974, 53.4328)(-6.2288, 53.4342)(-6.22756, 53.4371)(-6.2277, 53.4399)(-6.22798, 53.4423)(-6.2284, 53.444)(-6.22841, 53.4452)(-6.22776, 53.4479)(-6.2259, 53.4497)(-6.2256, 53.4508)(-6.22482, 53.4523)(-6.22367, 53.4538)(-6.22343, 53.4541)(-6.2226, 53.455)(-6.22238, 53.4553)(-6.22168, 53.4561)(-6.22168, 53.4561)(-6.22066, 53.458)(-6.2202, 53.4587)(-6.2201, 53.4589)(-6.2201, 53.4589)(-6.21979, 53.4593)(-6.21885, 53.4603)(-6.21818, 53.4624)(-6.21717, 53.4636)(-6.21669, 53.4638)(-6.21613, 53.4648)(-6.21498, 53.4656)(-6.21144, 53.4713)(-6.20861, 53.4746)(-6.2064, 53.4769)(-6.205, 53.4784)(-6.20365, 53.48)(-6.20138, 53.4832)(-6.19915, 53.4862)(-6.19694, 53.4891)(-6.19605, 53.4913)(-6.1957, 53.4931)(-6.19429, 53.4988)(-6.19336, 53.5016)(-6.18539, 53.5071)(-6.18149, 53.5094)(-6.17791, 53.5111)(-6.17502, 53.5136)(-6.17227, 53.5162)(-6.17085, 53.5175)(-6.1692, 53.5195)(-6.16815, 53.5217)(-6.16757, 53.5236)(-6.16557, 53.5252)(-6.16512, 53.5254)(-6.16381, 53.5251)(-6.16044, 53.5242)(-6.15944, 53.524)(-6.15717, 53.5235)(-6.15393, 53.5225)(-6.14911, 53.522)(-6.14382, 53.5213)(-6.13886, 53.5205)(-6.13409, 53.5193)(-6.12909, 53.5186)(-6.1246, 53.518)(-6.11964, 53.5178)(-6.11535, 53.5193)(-6.11057, 53.5206)(-6.10651, 53.5214)(-6.10423, 53.5219)(-6.10176, 53.5225)(-6.10005, 53.5228)(-6.09735, 53.5227)(-6.09543, 53.5225)(-6.09335, 53.5222)(-6.09252, 53.522)(-6.09205, 53.522)(-6.09205, 53.522)(-6.09115, 53.5222)(-6.09122, 53.5248)(-6.09122, 53.5279)(-6.09151, 53.5308)(-6.0906, 53.5337)(-6.09052, 53.5368)(-6.09605, 53.5423)(-6.099, 53.5449)(-6.10117, 53.547)(-6.10175, 53.5497)(-6.10203, 53.5528)(-6.10169, 53.5558)(-6.10255, 53.5586)(-6.1036, 53.5619)(-6.10268, 53.565)(-6.10171, 53.5682)(-6.10074, 53.5707)(-6.10382, 53.5745)(-6.10534, 53.5768)(-6.10626, 53.5786)(-6.10684, 53.5802)(-6.10774, 53.5806)(-6.109, 53.5804)(-6.109, 53.5804)(-6.11004, 53.5799)(-6.11155, 53.5783)(-6.11275, 53.577)(-6.11374, 53.5759)(-6.11566, 53.576)(-6.11857, 53.5759)(-6.12312, 53.5772)(-6.12687, 53.5788)(-6.12901, 53.5798)(-6.12609, 53.5813)(-6.12544, 53.5818)(-6.12544, 53.5818)(-6.1245, 53.5835)(-6.1229, 53.5835)(-6.12288, 53.5835)(-6.12288, 53.5835)(-6.12288, 53.5834)(-6.1229, 53.5834)(-6.1229, 53.5834)(-6.1229, 53.5834)(-6.12288, 53.5835)(-6.12288, 53.5835)(-6.12288, 53.5835)(-6.12288, 53.5835)(-6.12288, 53.5835)(-6.1229, 53.5835)(-6.1229, 53.5835)(-6.1229, 53.5835)(-6.12288, 53.5835)(-6.12288, 53.5834)(-6.12288, 53.5834)(-6.12288, 53.5835)(-6.12288, 53.5835)(-6.12288, 53.5835)(-6.12288, 53.5834)(-6.12288, 53.5835)(-6.12288, 53.5834)(-6.12288, 53.5834)(-6.12288, 53.5834)(-6.12288, 53.5834)(-6.12288, 53.5835)(-6.12288, 53.5835)(-6.12288, 53.5834)(-6.12288, 53.5834)(-6.12288, 53.5834)(-6.12288, 53.5835)(-6.12288, 53.5835)(-6.12288, 53.5834)(-6.12288, 53.5834)(-6.12288, 53.5835)(-6.12288, 53.5834)(-6.12288, 53.5835)(-6.12288, 53.5835)(-6.12288, 53.5835)(-6.12288, 53.5835)(-6.12288, 53.5835)(-6.12288, 53.5835)(-6.12288, 53.5835)(-6.12287, 53.5835)(-6.12287, 53.5835)(-6.12288, 53.5835)(-6.12288, 53.5835)(-6.12288, 53.5835)(-6.12288, 53.5835)(-6.12288, 53.5835)(-6.12288, 53.5835)(-6.12288, 53.5835)(-6.12288, 53.5835)(-6.12288, 53.5835)(-6.12288, 53.5835)(-6.12288, 53.5835)}
CLUSTER-5 {size: 2 centroid: (-6.25822, 53.3504)(-6.25822, 53.3504)(-6.25705, 53.3488)(-6.25705, 53.3488)(-6.25545, 53.3492)(-6.25538, 53.3491)(-6.25538, 53.3491)(-6.25395, 53.3494)(-6.25395, 53.3494)(-6.25395, 53.3494)(-6.25452, 53.3507)(-6.25595, 53.3528)(-6.25595, 53.3528)(-6.25663, 53.3538)(-6.25663, 53.3538)(-6.25796, 53.3557)(-6.2551, 53.3491)(-6.25898, 53.3567)(-6.25899, 53.3567)(-6.26047, 53.3581)(-6.26124, 53.3587)(-6.26159, 53.3588)(-6.26159, 53.3588)(-6.26177, 53.3592)(-6.26088, 53.3602)(-6.26012, 53.361)(-6.25981, 53.3613)(-6.25882, 53.3624)(-6.2577, 53.3636)(-6.25666, 53.3649)(-6.25556, 53.3667)(-6.25551, 53.3668)(-6.25504, 53.3686)(-6.2542, 53.37)(-6.25367, 53.3709)(-6.25257, 53.3726)(-6.25209, 53.3733)(-6.25141, 53.3745)(-6.25092, 53.3752)(-6.24984, 53.3763)(-6.24794, 53.378)(-6.24669, 53.3794)(-6.24639, 53.3798)(-6.24511, 53.3814)(-6.24465, 53.3822)(-6.24465, 53.3822)(-6.24412, 53.3831)(-6.24395, 53.3834)(-6.24312, 53.3853)(-6.2438, 53.3873)(-6.24384, 53.3873)(-6.24493, 53.388)(-6.22965, 53.4272)(-6.23005, 53.4293)(-6.23005, 53.4293)(-6.23019, 53.4307)(-6.23004, 53.4321)(-6.22757, 53.4367)(-6.22009, 53.4589)(-6.21901, 53.4598)(-6.21824, 53.4621)(-6.21717, 53.4636)(-6.21693, 53.4637)(-6.21612, 53.4647)(-6.21508, 53.4652)(-6.21163, 53.471)(-6.20903, 53.4742)(-6.2068, 53.4765)(-6.20652, 53.4768)(-6.20527, 53.4781)(-6.20484, 53.4785)(-6.20484, 53.4785)(-6.20427, 53.4792)(-6.20257, 53.4814)(-6.20061, 53.4842)(-6.19848, 53.487)(-6.19661, 53.4896)(-6.19602, 53.4915)(-6.19575, 53.4929)(-6.19505, 53.4943)(-6.19477, 53.4947)(-6.19414, 53.4972)(-6.19401, 53.5003)(-6.1932, 53.502)(-6.19186, 53.5024)(-6.18985, 53.5035)(-6.18825, 53.5044)(-6.18825, 53.5044)(-6.18825, 53.5044)(-6.18825, 53.5044)(-6.18825, 53.5044)(-6.18825, 53.5044)(-6.18825, 53.5044)(-6.18825, 53.5044)(-6.18825, 53.5044)(-6.18825, 53.5044)(-6.18825, 53.5044)(-6.18825, 53.5044)(-6.18825, 53.5044)(-6.18825, 53.5044)(-6.18825, 53.5044)(-6.18825, 53.5044)(-6.18622, 53.5063)(-6.17577, 53.513)(-6.16836, 53.5212)(-6.15898, 53.5239)(-6.1504, 53.522)(-6.1504, 53.522)(-6.14093, 53.5209)(-6.13202, 53.5188)(-6.12257, 53.5178)(-6.11418, 53.5199)(-6.1012, 53.5698)(-6.10291, 53.5737)(-6.10435, 53.5751)(-6.10461, 53.5756)(-6.1058, 53.5776)(-6.10632, 53.5788)(-6.10678, 53.58)(-6.10693, 53.5804)(-6.1082, 53.5805)(-6.10893, 53.5804)(-6.11004, 53.5799)(-6.11035, 53.5796)(-6.11067, 53.5792)(-6.11224, 53.5775)(-6.11224, 53.5775)(-6.11224, 53.5775)(-6.11265, 53.5771)(-6.11418, 53.5757)(-6.11739, 53.5758)(-6.11867, 53.5759)(-6.12219, 53.5768)(-6.12587, 53.5784)(-6.12898, 53.5795)(-6.12744, 53.5806)(-6.12696, 53.5808)(-6.12554, 53.5817)(-6.12544, 53.5818)(-6.12463, 53.583)(-6.12512, 53.5839)(-6.129, 53.5854)(-6.1334, 53.586)(-6.13852, 53.5864)(-6.14338, 53.586)(-6.14695, 53.5856)(-6.15015, 53.5863)(-6.15338, 53.5888)(-6.15707, 53.5923)(-6.16024, 53.5953)(-6.16324, 53.5986)(-6.16596, 53.6015)(-6.16897, 53.6039)(-6.17204, 53.6058)(-6.17363, 53.6058)(-6.17708, 53.6059)(-6.1782, 53.606)(-6.17948, 53.6061)(-6.1799, 53.6062)(-6.18285, 53.6064)(-6.18351, 53.6065)(-6.18397, 53.6056)(-6.18447, 53.6041)(-6.18444, 53.6039)(-6.18323, 53.6033)(-6.17657, 53.6016)(-6.17888, 53.6023)(-6.17973, 53.6026)(-6.17973, 53.6026)(-6.1797, 53.6026)(-6.1797, 53.6026)(-6.17972, 53.6026)(-6.17975, 53.6026)(-6.17972, 53.6026)(-6.17972, 53.6026)(-6.1797, 53.6026)(-6.1797, 53.6026)(-6.17973, 53.6026)(-6.17973, 53.6026)(-6.17972, 53.6026)(-6.17972, 53.6026)(-6.17973, 53.6026)(-6.17973, 53.6026)(-6.17973, 53.6026)(-6.17972, 53.6026)(-6.17972, 53.6026)(-6.17972, 53.6026)(-6.17972, 53.6026)(-6.17972, 53.6026)(-6.17973, 53.6026)(-6.17973, 53.6026)(-6.17973, 53.6026)(-6.17973, 53.6026)(-6.17973, 53.6026)(-6.17972, 53.6026)(-6.17972, 53.6026)(-6.17972, 53.6026)(-6.17972, 53.6026)}
CLUSTER-6 {size: 31 centroid: (-6.25612, 53.349)(-6.25413, 53.3494)(-6.25374, 53.3497)(-6.25182, 53.3494)(-6.25135, 53.3496)(-6.25026, 53.351)(-6.24928, 53.3523)(-6.2476, 53.3539)(-6.24691, 53.3545)(-6.24691, 53.3545)(-6.24572, 53.3555)(-6.24544, 53.3557)(-6.24336, 53.3571)(-6.24107, 53.3587)(-6.23945, 53.3602)(-6.23945, 53.3602)(-6.23875, 53.3608)(-6.2379, 53.3615)(-6.23755, 53.3618)(-6.23584, 53.363)(-6.23287, 53.3639)(-6.2302, 53.3643)(-6.23013, 53.3643)(-6.23013, 53.3643)(-6.23002, 53.3643)(-6.22899, 53.3657)(-6.22757, 53.3676)(-6.22673, 53.3683)(-6.22538, 53.3694)(-6.22368, 53.3711)(-6.22175, 53.373)(-6.22103, 53.3734)(-6.22022, 53.3742)(-6.21917, 53.3753)(-6.21695, 53.3765)(-6.21466, 53.3778)(-6.21204, 53.379)(-6.2113, 53.3794)(-6.20912, 53.3808)(-6.20694, 53.3824)(-6.20668, 53.3825)(-6.20542, 53.3831)(-6.20341, 53.3841)(-6.20193, 53.3861)(-6.1996, 53.3879)(-6.19895, 53.3885)(-6.19833, 53.3889)(-6.19809, 53.3891)(-6.19809, 53.3891)(-6.19685, 53.3902)(-6.19437, 53.3919)(-6.19338, 53.3924)(-6.19149, 53.3933)(-6.18877, 53.395)(-6.18723, 53.397)(-6.18452, 53.3998)(-6.1838, 53.4003)(-6.183, 53.4008)(-6.18292, 53.4008)(-6.18181, 53.4014)(-6.18069, 53.4021)(-6.17936, 53.4033)(-6.17789, 53.4076)(-6.17803, 53.4161)(-6.17715, 53.4194)(-6.17787, 53.4291)(-6.17787, 53.4291)(-6.17692, 53.4348)(-6.17702, 53.4366)(-6.17695, 53.439)(-6.17588, 53.4411)(-6.17392, 53.4431)(-6.1733, 53.4452)(-6.17253, 53.4462)(-6.17178, 53.4467)(-6.17014, 53.4479)(-6.16707, 53.4487)(-6.16362, 53.4492)(-6.16043, 53.4497)(-6.15978, 53.4498)(-6.15721, 53.4502)(-6.15529, 53.4505)(-6.15496, 53.4505)(-6.15496, 53.4505)(-6.15475, 53.4506)(-6.15412, 53.4507)(-6.15407, 53.4507)(-6.15357, 53.4504)(-6.15292, 53.4476)(-6.15278, 53.4468)(-6.15267, 53.4449)(-6.15161, 53.4431)(-6.15148, 53.4408)(-6.12911, 53.4343)(-6.15296, 53.4345)}
CLUSTER-7 {size: 56 centroid: (-6.25821, 53.3478)(-6.25821, 53.3478)(-6.25821, 53.3478)(-6.25821, 53.3478)(-6.25852, 53.3453)(-6.42722, 53.2908)(-6.42722, 53.2908)}
CLUSTER-8 {size: 89 centroid: (-6.23482, 53.4286)(-6.2328, 53.424)(-6.23564, 53.4192)(-6.23935, 53.4155)(-6.23903, 53.4128)(-6.23903, 53.4128)(-6.23903, 53.4128)(-6.24598, 53.3924)}
CLUSTER-9 {size: 56 centroid: (-6.13638, 53.1696)(-6.13638, 53.1696)(-6.13647, 53.1698)(-6.13644, 53.1697)(-6.13903, 53.1747)(-6.13792, 53.1779)(-6.1358, 53.1809)(-6.1358, 53.1837)(-6.13606, 53.1842)(-6.13339, 53.1829)(-6.13176, 53.1826)(-6.13005, 53.1845)(-6.12908, 53.186)(-6.12843, 53.1867)(-6.12739, 53.188)(-6.12696, 53.1884)(-6.12647, 53.1888)(-6.12625, 53.189)(-6.12589, 53.19)(-6.12811, 53.1911)(-6.12903, 53.1915)(-6.12936, 53.1917)(-6.12882, 53.1927)(-6.12754, 53.1942)(-6.12725, 53.1945)(-6.12474, 53.1963)(-6.12242, 53.1967)(-6.11991, 53.1952)(-6.11957, 53.195)(-6.11957, 53.195)(-6.11957, 53.195)(-6.1192, 53.1947)(-6.11793, 53.1954)(-6.1162, 53.1976)(-6.11573, 53.1979)(-6.11431, 53.1985)(-6.11237, 53.1997)(-6.11184, 53.2002)(-6.11155, 53.2005)(-6.11097, 53.2012)(-6.11069, 53.2015)(-6.1106, 53.2016)(-6.11034, 53.202)(-6.10997, 53.2025)(-6.10984, 53.2028)(-6.10969, 53.2031)(-6.10967, 53.2031)(-6.10967, 53.2031)(-6.10966, 53.2032)(-6.10936, 53.2043)(-6.1094, 53.205)(-6.1094, 53.205)(-6.10941, 53.205)(-6.11022, 53.2059)(-6.11245, 53.2067)(-6.11343, 53.2072)(-6.11486, 53.2086)(-6.11568, 53.2096)(-6.1169, 53.2104)(-6.11833, 53.2122)(-6.11933, 53.2141)(-6.11949, 53.2158)(-6.11956, 53.2166)(-6.11997, 53.2189)(-6.1212, 53.2213)(-6.12191, 53.222)(-6.12401, 53.2237)(-6.12466, 53.2271)(-6.12449, 53.2278)(-6.1242, 53.2291)(-6.12412, 53.2297)(-6.12376, 53.2328)(-6.12479, 53.2343)(-6.12671, 53.2364)(-6.12816, 53.2392)(-6.12855, 53.2411)(-6.12927, 53.2413)(-6.13505, 53.2455)(-6.13502, 53.2455)(-6.14085, 53.25)(-6.14569, 53.2564)(-6.14883, 53.2614)(-6.15559, 53.2646)(-6.16764, 53.2709)(-6.17294, 53.2732)(-6.17458, 53.2738)(-6.18353, 53.2777)(-6.19267, 53.2816)(-6.19416, 53.2835)(-6.19462, 53.2846)(-6.20018, 53.2924)(-6.19306, 53.2819)(-6.19354, 53.2824)(-6.19376, 53.2828)(-6.19434, 53.2839)(-6.19473, 53.2857)(-6.20348, 53.295)(-6.20422, 53.2972)(-6.20567, 53.3001)(-6.20877, 53.3037)(-6.21912, 53.3097)(-6.21912, 53.3097)(-6.22145, 53.3123)(-6.22686, 53.3154)(-6.23336, 53.3202)(-6.23948, 53.3239)(-6.24213, 53.3259)(-6.24473, 53.3278)(-6.24823, 53.3292)(-6.25199, 53.3308)(-6.25407, 53.3333)(-6.25675, 53.3358)(-6.25751, 53.3391)(-6.25799, 53.3424)(-6.25982, 53.3434)(-6.26004, 53.3445)(-6.25913, 53.346)(-6.26035, 53.3467)(-6.26269, 53.3461)(-6.26511, 53.3457)(-6.26753, 53.3454)(-6.2704, 53.3451)(-6.27482, 53.3452)(-6.26009, 53.3445)(-6.25991, 53.3468)(-6.2612, 53.3465)(-6.26449, 53.3458)(-6.26697, 53.3454)(-6.26697, 53.3454)(-6.26848, 53.3453)(-6.26954, 53.3452)(-6.27061, 53.3451)(-6.27349, 53.3451)(-6.27374, 53.3451)(-6.27374, 53.3451)(-6.27374, 53.3451)(-6.27499, 53.3452)(-6.27803, 53.3457)(-6.27896, 53.3459)(-6.28253, 53.3464)(-6.28611, 53.3466)(-6.28944, 53.3467)(-6.29191, 53.347)(-6.29198, 53.3466)(-6.29255, 53.3469)(-6.29253, 53.3469)(-6.29253, 53.3469)}
CLUSTER-10 {size: 255 centroid: (-6.25878, 53.2942)(-6.27063, 53.3324)(-6.26892, 53.3325)(-6.26259, 53.2928)}
clustering_time: 561.724 seconds
Silhouette: {s1: 0.22424, s2: -0.283443, s3: 1, s4: -0.416613, s5: 0.708783, s6: -0.877476, s7: -0.982321, s8: -0.974988, s9: -0.869008, s10: -0.996078, stotal: -0.34669}
CLUSTER-1 {247, 249}
CLUSTER-2 {422, 442, 449, 485}
CLUSTER-3 {250}
CLUSTER-4 {117, 239, 241, 242}
CLUSTER-5 {116, 245}
CLUSTER-6 {70, 72, 76, 77, 79, 80, 83, 84, 86, 87, 88, 89, 91, 92, 93, 94, 95, 96, 97, 98, 99, 214, 226, 231, 237, 240, 412, 413, 414, 415, 416}
CLUSTER-7 {0, 1, 2, 3, 4, 5, 6, 7, 9, 10, 12, 13, 14, 16, 17, 20, 26, 49, 61, 102, 109, 120, 130, 146, 167, 184, 185, 187, 188, 190, 191, 193, 194, 195, 196, 198, 243, 251, 253, 254, 255, 257, 258, 263, 278, 357, 358, 359, 368, 377, 392, 393, 397, 402, 410, 457}
CLUSTER-8 {71, 90, 127, 151, 168, 171, 174, 182, 209, 210, 211, 212, 213, 215, 216, 217, 218, 219, 220, 221, 223, 224, 225, 228, 229, 230, 232, 233, 234, 235, 236, 238, 283, 284, 285, 286, 288, 289, 290, 292, 294, 295, 296, 297, 298, 299, 301, 302, 304, 305, 307, 308, 309, 310, 311, 313, 314, 315, 318, 319, 321, 322, 323, 324, 325, 326, 327, 328, 330, 332, 333, 334, 356, 362, 363, 369, 373, 374, 376, 378, 379, 381, 383, 385, 389, 396, 400, 403, 409}
CLUSTER-9 {201, 204, 208, 264, 266, 267, 270, 271, 272, 275, 277, 279, 280, 282, 367, 418, 420, 424, 425, 427, 429, 430, 431, 432, 434, 438, 439, 441, 445, 446, 447, 448, 451, 452, 454, 458, 464, 465, 467, 468, 471, 474, 475, 476, 479, 481, 483, 486, 488, 489, 490, 493, 494, 497, 498, 499}
CLUSTER-10 {8, 11, 15, 18, 19, 21, 22, 23, 24, 25, 27, 28, 29, 30, 31, 32, 33, 34, 35, 36, 37, 38, 39, 40, 41, 42, 43, 44, 45, 46, 47, 48, 50, 51, 52, 53, 54, 55, 56, 57, 58, 59, 60, 62, 63, 64, 65, 66, 67, 68, 69, 73, 74, 75, 78, 81, 82, 85, 100, 101, 103, 104, 105, 106, 107, 108, 110, 111, 112, 113, 114, 115, 118, 119, 121, 122, 123, 124, 125, 126, 128, 129, 131, 132, 133, 134, 135, 136, 137, 138, 139, 140, 141, 142, 143, 144, 145, 147, 148, 149, 150, 152, 153, 154, 155, 156, 157, 158, 159, 160, 161, 162, 163, 164, 165, 166, 169, 170, 172, 173, 175, 176, 177, 178, 179, 180, 181, 183, 186, 189, 192, 197, 199, 200, 202, 203, 205, 206, 207, 222, 227, 244, 246, 248, 252, 256, 259, 260, 261, 262, 265, 268, 269, 273, 274, 276, 281, 287, 291, 293, 300, 303, 306, 312, 316, 317, 320, 329, 331, 335, 336, 337, 338, 339, 340, 341, 342, 343, 344, 345, 346, 347, 348, 349, 350, 351, 352, 353, 354, 355, 360, 361, 364, 365, 366, 370, 371, 372, 375, 380, 382, 384, 386, 387, 388, 390, 391, 394, 395, 398, 399, 401, 404, 405, 406, 407, 408, 411, 417, 419, 421, 423, 426, 428, 433, 435, 436, 437, 440, 443, 444, 450, 453, 455, 456, 459, 460, 461, 462, 463, 466, 469, 470, 472, 473, 477, 478, 480, 482, 484, 487, 491, 492, 495, 496}
=======
CLUSTER-1 {size: 1 centroid: (-6.61463, 53.1336)(-6.61463, 53.1336)(-6.61463, 53.1336)(-6.61463, 53.1336)(-6.61463, 53.1336)(-6.61463, 53.1336)(-6.61463, 53.1336)(-6.61462, 53.1334)(-6.61463, 53.1336)}
CLUSTER-2 {size: 30 centroid: (-6.13645, 53.1696)}
CLUSTER-3 {size: 47 centroid: (-6.1013, 53.2047)}
CLUSTER-4 {size: 1 centroid: (-6.09213, 53.0771)(-6.09213, 53.0771)(-6.09213, 53.0771)(-6.09213, 53.0771)(-6.09213, 53.0771)(-6.09213, 53.0771)}
CLUSTER-5 {size: 122 centroid: (-6.13533, 53.2949)}
CLUSTER-6 {size: 5 centroid: (-6.09785, 53.0777)(-6.09783, 53.0777)(-6.09785, 53.0777)(-6.09785, 53.0777)(-6.09785, 53.0777)(-6.09785, 53.0777)}
CLUSTER-7 {size: 144 centroid: (-6.1629, 53.3991)}
CLUSTER-8 {size: 179 centroid: (-6.21853, 53.3053)}
CLUSTER-9 {size: 350 centroid: (-6.35827, 53.3215)}
CLUSTER-10 {size: 921 centroid: (-6.25815, 53.3498)}
clustering_time: 22.9836 seconds
Silhouette: {s1: 1, s2: -0.829694, s3: -0.906817, s4: 1, s5: -0.951383, s6: -0.243287, s7: -0.986089, s8: -0.982066, s9: -0.995382, s10: -0.997982, stotal: -0.48927}
CLUSTER-1 {668}
CLUSTER-2 {3932, 482, 3906, 3904, 3923, 469, 3965, 513, 2816, 763, 473, 496, 472, 507, 455, 505, 751, 417, 433, 5071, 4004, 440, 753, 3990, 3949, 484, 492, 515, 426, 3941}
CLUSTER-3 {7220, 421, 3402, 802, 6790, 2790, 6806, 6771, 6797, 7210, 2817, 7217, 2812, 7202, 6780, 7226, 7228, 817, 6809, 7215, 3482, 804, 7199, 2792, 7224, 3403, 7222, 811, 7208, 7205, 2760, 2824, 813, 6787, 6792, 2793, 6795, 831, 5043, 7213, 6804, 827, 806, 832, 798, 800, 735}
CLUSTER-4 {6812}
CLUSTER-5 {6639, 5550, 543, 3312, 6620, 5234, 6468, 3184, 6618, 1916, 909, 5221, 4742, 6462, 3180, 3217, 5052, 5552, 3871, 1973, 4701, 3242, 3194, 1908, 3306, 6386, 910, 6277, 3149, 3133, 5238, 1960, 5053, 3213, 3295, 907, 1918, 1953, 6356, 5236, 3148, 3252, 3836, 3235, 6434, 1898, 5058, 3207, 6205, 5046, 1941, 6284, 3126, 3316, 3118, 3867, 3178, 3301, 1968, 6393, 2324, 6381, 3138, 6383, 6286, 6612, 6451, 5042, 6292, 6394, 2348, 1511, 1950, 4728, 5225, 1972, 5547, 916, 1970, 3302, 3211, 6454, 2336, 6635, 1910, 3258, 1952, 1963, 3298, 6414, 4714, 4750, 3279, 3304, 6296, 6322, 6626, 3202, 6472, 6637, 3311, 749, 5061, 918, 902, 3139, 6380, 5532, 1969, 6328, 3832, 1915, 1957, 6613, 6461, 3140, 6467, 1913, 901, 3151, 6208, 1879}
CLUSTER-6 {6800, 6802, 6776, 6789, 6784}
CLUSTER-7 {5273, 5137, 1758, 5483, 6686, 4139, 5977, 6044, 6672, 7067, 219, 4835, 6245, 1868, 3637, 4453, 5301, 2359, 1860, 4152, 3697, 7277, 227, 2436, 5299, 4154, 4135, 6246, 4142, 5420, 4138, 7267, 7238, 4148, 2405, 7265, 7080, 3587, 2582, 1031, 325, 5472, 211, 6697, 4132, 6681, 85, 2075, 5994, 4150, 310, 1452, 3525, 90, 3511, 3654, 6673, 3508, 3624, 7246, 6692, 1046, 6680, 5986, 1017, 3600, 182, 6688, 1020, 230, 2092, 6265, 4101, 4159, 1008, 3612, 6691, 6676, 222, 3643, 7077, 5479, 4130, 3609, 73, 6232, 71, 5338, 1002, 6694, 5775, 6018, 6690, 2105, 5332, 2094, 3647, 7098, 1135, 2115, 3537, 5463, 2083, 7072, 2072, 7102, 4140, 3629, 2442, 327, 5458, 4134, 5154, 6237, 765, 7070, 7095, 1067, 3534, 7090, 6226, 3606, 5264, 6260, 1016, 1064, 4304, 78, 81, 3590, 2353, 4840, 5139, 3622, 5984, 2108, 7281, 4156, 4322, 1027, 3655, 5436, 2432, 2122}
CLUSTER-8 {2267, 394, 4970, 1292, 1895, 6132, 2770, 1905, 3372, 2906, 6628, 3362, 1331, 6873, 6633, 2653, 3727, 1332, 6127, 4929, 6877, 1711, 7464, 4996, 1313, 7424, 2912, 1300, 121, 1226, 2271, 2272, 7459, 134, 1294, 5004, 1311, 4926, 2766, 7457, 6158, 4994, 7468, 155, 1320, 4984, 7444, 3571, 7476, 4948, 6463, 3573, 2277, 4891, 4849, 6156, 6871, 1744, 176, 2883, 7472, 6611, 3723, 2884, 4993, 136, 7461, 262, 1296, 1900, 6865, 100, 2872, 2632, 1730, 139, 1706, 1256, 7446, 6147, 1703, 4965, 4951, 7418, 3336, 3373, 4973, 4902, 3273, 3376, 7420, 4889, 7416, 153, 6868, 355, 7440, 1726, 1324, 4914, 6875, 6501, 6817, 4964, 135, 1955, 6140, 4988, 2772, 2638, 406, 1321, 1323, 2656, 372, 4942, 2273, 2903, 3735, 3579, 7467, 5001, 179, 3324, 4894, 7465, 157, 2671, 4917, 7443, 6867, 4896, 1260, 4959, 7450, 2882, 6497, 1310, 7435, 4922, 4997, 1277, 2266, 170, 4923, 2652, 4904, 6879, 1714, 6622, 126, 4983, 1977, 6886, 2275, 353, 4990, 7474, 2870, 6864, 2866, 7438, 1227, 4986, 1287, 2645, 3386, 4954, 4442, 1304, 1243, 6344, 2263, 7454, 161, 4918, 3718, 1327, 4961}
CLUSTER-9 {718, 1378, 1230, 3774, 4876, 186, 5688, 1006, 6241, 4823, 6703, 1199, 5707, 2936, 6941, 6056, 4358, 613, 7024, 7231, 3492, 4809, 5404, 4226, 5585, 4652, 5702, 3486, 1800, 7034, 6652, 4470, 6653, 4415, 5475, 2034, 650, 991, 3690, 3548, 4568, 360, 6997, 5508, 4532, 4559, 5361, 5435, 6656, 7054, 640, 5612, 2944, 5487, 1589, 677, 6944, 1607, 4553, 5216, 2171, 5632, 3756, 4253, 5803, 5502, 2051, 6070, 1811, 3489, 6760, 1262, 1606, 2138, 6, 4474, 5863, 5023, 5628, 5668, 7019, 6738, 4877, 1000, 7009, 2990, 2724, 1525, 1, 4230, 7014, 2021, 5756, 1555, 4046, 5648, 2927, 4624, 5104, 6963, 1044, 3027, 4025, 6720, 4031, 4401, 646, 6948, 4670, 6702, 4570, 5635, 6733, 4270, 6917, 5558, 6986, 4909, 610, 4064, 5074, 6713, 2174, 7339, 197, 21, 839, 4606, 5025, 5027, 6095, 2247, 6670, 1779, 192, 4561, 913, 4626, 4245, 1492, 4280, 4533, 4205, 4615, 4166, 2189, 6661, 4468, 5491, 2024, 6238, 5727, 615, 6852, 3028, 4067, 6668, 7392, 3763, 2215, 3802, 3545, 5639, 2945, 3023, 6987, 6965, 779, 6073, 4476, 3044, 4215, 7325, 5441, 2221, 1049, 2136, 1604, 2199, 3496, 4237, 1353, 5680, 4021, 2739, 1460, 997, 6235, 647, 18, 4084, 2054, 955, 5845, 6754, 2957, 6663, 189, 35, 1393, 6084, 3713, 4371, 4557, 7328, 4686, 4576, 5669, 6058, 2351, 4409, 3040, 5496, 2166, 2725, 5403, 2048, 4586, 3057, 2982, 4537, 7363, 5820, 5432, 3487, 5713, 7010, 2977, 5017, 1536, 5429, 4367, 6659, 4393, 4542, 5807, 4407, 4186, 4024, 2207, 4236, 1822, 3451, 4276, 5012, 6107, 4362, 1078, 3009, 4235, 4827, 3012, 4663, 1354, 5501, 2053, 5710, 5704, 7026, 7357, 4228, 5556, 4548, 5809, 41, 5500, 4585, 1470, 3786, 1195, 4233, 259, 4679, 4047, 7333, 1265, 1391, 5563, 4075, 4573, 5661, 709, 4070, 774, 7230, 1218, 2952, 4930, 3417, 361, 1784, 5653, 5666, 2684, 1538, 4584, 5448, 4095, 693, 4801, 5621, 6762, 1781, 4038, 1794, 713, 6256, 4190, 2964, 1541, 1502, 5641, 2026, 2288, 4815, 721, 2017, 5497, 3007, 1473, 1041, 2191, 5498, 2060, 4481, 3490, 5675, 1547, 1018, 5652, 5657, 2956, 2537, 1532, 7362, 5827, 6705, 616, 703, 880, 1436, 1124, 4574, 2005, 5423, 1075, 5561, 558, 3810, 4940}
CLUSTER-10 {2893, 6605, 1707, 528, 6984, 4671, 2299, 1932, 2495, 3585, 5180, 6482, 4622, 1462, 878, 436, 6978, 3059, 2704, 5077, 611, 3062, 6331, 6943, 6177, 2914, 7482, 1157, 3069, 644, 1933, 2622, 3793, 2722, 287, 869, 5811, 4946, 2733, 7411, 6105, 1202, 4343, 2198, 7143, 6995, 1631, 6122, 6555, 2620, 3557, 6320, 4301, 1114, 6424, 1615, 2425, 3254, 3034, 3954, 5019, 3463, 4334, 4707, 2374, 5152, 1498, 6980, 2596, 3449, 3668, 5124, 3083, 4008, 6489, 1346, 2567, 1643, 3163, 4768, 2491, 477, 2468, 1219, 2576, 3272, 5970, 2804, 4169, 1519, 5412, 6556, 6341, 3443, 887, 329, 6304, 5102, 3426, 2637, 4705, 1099, 256, 1496, 6437, 4353, 6687, 5128, 2511, 3896, 6439, 3444, 883, 654, 1634, 5842, 356, 5356, 2940, 306, 2584, 5969, 1983, 2260, 2063, 5271, 6180, 3738, 5097, 6923, 1987, 4183, 848, 4697, 5418, 2292, 1175, 4741, 6305, 1166, 6161, 3020, 6484, 5199, 1376, 2934, 4320, 6121, 6985, 7029, 2212, 3974, 1343, 2508, 3884, 3583, 7145, 2187, 6936, 7119, 2441, 6967, 4303, 3074, 385, 2249, 7174, 3268, 6427, 3776, 7372, 6891, 6583, 6445, 2599, 5998, 478, 5158, 6834, 3800, 2478, 3471, 547, 2630, 2593, 7252, 533, 4112, 4807, 5649, 3225, 4378, 206, 1513, 163, 7013, 7324, 7173, 349, 3879, 4099, 3864, 3325, 2981, 643, 5905, 4773, 2065, 2238, 2802, 1752, 1469, 3113, 5281, 207, 2674, 679, 6031, 317, 553, 2068, 5040, 2396, 460, 3266, 5107, 2992, 1689, 632, 300, 4718, 5105, 6742, 4720, 7057, 7330, 6575, 3014, 4683, 403, 5749, 7447, 6355, 6173, 4908, 3737, 6017, 896, 45, 5590, 6545, 7381, 3249, 3799, 1109, 4821, 6142, 7082, 466, 7195, 2695, 4731, 5705, 1798, 3382, 6330, 7028, 2503, 1770, 1180, 4238, 5742, 491, 4627, 4621, 4767, 2577, 971, 3729, 1802, 4712, 4045, 1352, 6540, 362, 4255, 4069, 3296, 6096, 1667, 7436, 3558, 687, 6402, 2694, 7170, 3833, 5257, 6215, 6376, 2955, 3374, 7050, 645, 379, 3270, 3432, 3290, 6033, 5155, 7096, 1638, 1712, 3433, 1809, 5584, 2974, 5700, 4352, 252, 4709, 3838, 5770, 3576, 5142, 3475, 3188, 4023, 203, 2446, 511, 1783, 1141, 2036, 3980, 6367, 7163, 44, 2424, 4706, 5962, 6171, 7448, 7064, 3641, 5489, 3415, 5939, 4319, 7470, 5729, 1467, 7193, 1887, 2604, 4243, 6579, 200, 437, 5699, 4540, 4703, 1342, 5692, 4410, 6426, 4479, 3678, 5326, 4455, 171, 2302, 6861, 3566, 459, 1150, 3086, 2545, 6166, 6446, 3553, 487, 898, 2258, 6146, 3011, 2979, 1162, 7007, 6362, 1345, 623, 7187, 2160, 6337, 3314, 4647, 524, 2902, 711, 6596, 6279, 7379, 6262, 3464, 5736, 956, 2844, 5965, 1440, 3677, 6533, 5021, 5196, 1132, 7322, 2379, 435, 3018, 6351, 4649, 7399, 6120, 6379, 5978, 345, 6418, 33, 7126, 4346, 6025, 248, 4204, 6309, 46, 6081, 2499, 6736, 480, 428, 6155, 3331, 4498, 6125, 4692, 303, 3437, 2397, 2954, 1395, 4106, 5681, 5605, 7237, 3259, 398, 3119, 2687, 75, 1568, 3227, 423, 7303, 6848, 1749, 6041, 3032, 5146, 6221, 1928, 2547, 276, 3288, 2117, 2309, 6447, 2261, 4737, 4315, 3203, 2589, 495, 7378, 1486, 1408, 2088, 202, 4766, 2959, 2350, 3267, 2426, 4725, 4590, 5678, 3200, 3427, 374, 7191, 462, 1684, 7345, 3448, 2948, 4666, 3894, 4550, 1697, 2935, 7162, 265, 4699, 1528, 419, 1128, 1235, 545, 2452, 351, 5394, 3861, 6438, 6358, 3441, 3842, 4769, 4976, 6470, 6340, 5245, 3081, 876, 220, 6457, 2077, 624, 115, 5924, 6373, 4547, 3230, 2454, 2562, 3006, 3532, 363, 3695, 6558, 3885, 2290, 3848, 2084, 3883, 6349, 5255, 6483, 3893, 2251, 401, 3002, 5815, 3685, 127, 6342, 3036, 2474, 3197, 6990, 4015, 7160, 3232, 1992, 6339, 4589, 4732, 6430, 293, 3440, 2800, 3827, 2018, 2523, 5755, 1185, 7365, 7062, 3927, 2168, 6361, 4263, 3892, 4746, 2603, 2223, 6548, 501, 1512, 5664, 15, 6115, 5676, 1365, 6052, 5747, 260, 5795, 2087, 3767, 3187, 4776, 6481, 2987, 4975, 5328, 6840, 7407, 1170, 3771, 871, 1704, 1736, 82, 2999, 2502, 3770, 3093, 4763, 2407, 2504, 3840, 2010, 1903, 2558, 3454, 4935, 3804, 4711, 6343, 5134, 5944, 2919, 3597, 1514, 376, 6093, 568, 768, 5150, 5414, 1480, 4387, 6831, 4239, 1740, 7097, 5366, 676, 2505, 7068, 2943, 583, 5798, 2457, 7150, 4694, 3854, 4771, 5796, 3556, 7053, 6294, 772, 6601, 3159, 6395, 538, 1374, 5831, 320, 2430, 2585, 4676, 7342, 2506, 844, 2738, 3808, 3049, 5167, 12, 2055, 2586, 1500, 673, 2968, 551, 6408, 2531, 2985, 3247, 1394, 1683, 3293, 3839, 7394, 3554, 6324, 2587, 2401, 50, 312, 5406, 5410, 6319, 2164, 6419, 291, 3220, 3598, 5785, 3847, 1619, 5036, 3158, 5415, 6310, 4733, 5163, 889, 701, 1025, 3079, 331, 6300, 6460, 7331, 1322, 2994, 65, 4494, 6729, 1624, 2235, 6317, 5186, 5250, 3237, 6087, 579, 2305, 6844, 373, 1745, 4302, 1596, 3142, 269, 966, 881, 5893, 4939, 7347, 4331, 4087, 699, 6975, 5952, 6529, 1922, 3354, 2254, 7253, 6151, 444, 4200, 3477, 945, 5261, 3120, 3317, 4242, 1484, 246, 5876, 5619, 443, 2525, 1482, 1981, 2521, 235, 2206, 4938, 6360, 1621, 5117, 3065, 6302, 3782, 3467, 6338, 2566, 463, 6557, 1146, 261, 2316, 6136, 2486, 6220, 2937, 6368, 4307, 6710, 1845, 2942, 3053, 4722, 316, 461, 6397, 273, 4344, 3071, 3039, 6846, 4549, 3265, 1149, 1220, 4681, 4752, 4765, 281, 6307, 4113, 1058, 4661, 6913, 2449, 366, 2801, 2400, 872, 6022, 6032, 1388, 1145, 4311, 2888, 6280, 3419, 4187, 3383, 7290, 5148, 3428, 3141, 4833, 3199, 6325, 3849, 4806, 6336, 6440, 3026, 5365, 32, 3750, 5329, 3078, 5897, 3076, 3649, 4298, 6281, 1515, 3189, 4749, 4744, 5283, 7402, 6312, 6433, 7031, 47, 6471, 5259, 1610, 1640, 2229, 7176, 1222, 450, 3435, 369, 4250, 3229, 3250, 2972, 6411, 4221, 1757, 5637, 3088, 7306, 1176, 2680, 1116, 7063, 3474, 2530, 5887, 2986, 2929, 1789, 4060, 2613, 1319, 5371, 4257}
>>>>>>> c1183df3b3529bb1e567df35e761454a8a6c634c
